"shrinkage","n.trees","interaction.depth","MSE"
0.001,1000,5,17.1583654284527
0.001,2000,5,4.4912877973421
0.001,4000,5,0.79452094348414
0.001,8000,5,0.246867969462567
