"shrinkage","n.trees","interaction.depth","MSE"
0.001,1000,5,17.7468732618846
0.001,20000,5,0.243024244220928
0.001,40000,5,0.219366570596295
